{
  "images" : [
    {
      "idiom" : "universal",
      "filename" : "papers.co-sk29-emerald-green-blur-gradation-41-iphone-wallpaper.jpg",
      "scale" : "1x"
    },
    {
      "idiom" : "universal",
      "filename" : "papers.co-sk29-emerald-green-blur-gradation-41-iphone-wallpaper-1.jpg",
      "scale" : "2x"
    },
    {
      "idiom" : "universal",
      "filename" : "papers.co-sk29-emerald-green-blur-gradation-41-iphone-wallpaper-2.jpg",
      "scale" : "3x"
    }
  ],
  "info" : {
    "version" : 1,
    "author" : "xcode"
  }
}